Symbol,Company,GICS Sector,GICS Sub-Industry 
TXG,10x Genomics,Health Care,Health Care Technology 
MMM,3M,Industrials,Industrial Conglomerates 
AOS,A. O. Smith,Industrials,Building Products 
AAON,AAON,Industrials,Building Products 
ABT,Abbott Laboratories,Health Care,Health Care Equipment 
ABBV,AbbVie,Health Care,Pharmaceuticals 
ACHC,Acadia Healthcare,Health Care,Health Care Facilities 
ACN,Accenture,Information Technology,IT Consulting & Other Services 
AYI,Acuity Brands,Industrials,Electrical Components & Equipment 
ADBE,Adobe Inc.,Information Technology,Application Software 
ADT,ADT Inc.,Consumer Discretionary,
AAP,Advance Auto Parts,Consumer Discretionary,Automotive Retail 
WMS,Advanced Drainage Systems,Industrials,
AMD,Advanced Micro Devices,Information Technology,Semiconductors 
ACM,AECOM,Industrials,Construction & Engineering 
AES,AES Corporation,Utilities,Independent Power Producers & Energy Traders 
AMG,Affiliated Managers Group,Financials,Asset Management & Custody Banks 
AFRM,Affirm Holdings,Information Technology,
AFL,Aflac,Financials,Life & Health Insurance 
AGCO,AGCO,Industrials,Agricultural & Farm Machinery 
A,Agilent Technologies,Health Care,Health Care Equipment 
ADC,Agree Realty,Real Estate,
AGNC,AGNC Investment,Financials,
AL,Air Lease Corporation,Industrials,
APD,Air Products,Materials,Industrial Gases 
ABNB,Airbnb,Consumer Discretionary,"Hotels, Resorts & Cruise lines "
AKAM,Akamai Technologies,Information Technology,Internet Services & Infrastructure 
ALK,Alaska Air Group,Industrials,Passenger Airlines 
ALB,Albemarle Corporation,Materials,Specialty Chemicals 
ACI,Albertsons,Consumer Staples,
AA,Alcoa,Materials,Aluminum 
ARE,Alexandria Real Estate Equities,Real Estate,Office REITs 
ALGN,Align Technology,Health Care,Health Care Supplies 
ALLE,Allegion,Industrials,Building Products 
ALGM,Allegro MicroSystems,Information Technology,
LNT,Alliant Energy,Utilities,Electric Utilities 
ALSN,Allison Transmission,Industrials,
ALL,Allstate,Financials,Property & Casualty Insurance 
ALLY,Ally Financial,Financials,
ALNY,Alnylam Pharmaceuticals,Health Care,
GOOGL,Alphabet (Class A),Communication Services,Interactive Media & Services 
GOOG,Alphabet (Class C),Communication Services,Interactive Media & Services 
MO,Altria,Consumer Staples,Tobacco 
AMZN,Amazon,Consumer Discretionary,Broadline Retail 
AMCR,Amcor,Materials,Paper & Plastic Packaging Products & Materials 
DOX,Amdocs,Information Technology,
AMED,Amedisys,Health Care,Health Care Services 
AS,Amer Sports,Consumer Discretionary,Leisure Products 
AEE,Ameren,Utilities,Multi-Utilities 
AAL,American Airlines Group,Industrials,Passenger Airlines 
AEP,American Electric Power,Utilities,Electric Utilities 
AXP,American Express,Financials,Consumer Finance 
AFG,American Financial Group,Financials,Multi-line Insurance 
AMH,American Homes 4 Rent,Real Estate,
AIG,American International Group,Financials,Property & Casualty Insurance 
AMT,American Tower,Real Estate,Telecom Tower REITs 
AWK,American Water Works,Utilities,Water Utilities 
COLD,Americold,Real Estate,
AMP,Ameriprise Financial,Financials,Asset Management & Custody Banks 
AME,Ametek,Industrials,Electrical Components & Equipment 
AMGN,Amgen,Health Care,Biotechnology 
AMKR,Amkor Technology,Information Technology,Semiconductors 
APH,Amphenol,Information Technology,Electronic Components 
ADI,Analog Devices,Information Technology,Semiconductors 
NLY,Annaly Capital Management,Financials,
ANSS,Ansys,Information Technology,Application Software 
AM,Antero Midstream,Energy,
AR,Antero Resources,Energy,
AON,AON,Financials,Insurance Brokers 
APA,APA Corporation,Energy,Oil & Gas Exploration & Production 
APG,APi Group,Industrials,Construction & Engineering 
APLS,Apellis Pharmaceuticals,Health Care,Biotechnology 
APO,Apollo Global Management,Financials,
APPF,AppFolio,Information Technology,Application Software 
AAPL,Apple Inc.,Information Technology,"Technology Hardware, Storage & Peripherals "
AMAT,Applied Materials,Information Technology,Semiconductor Materials & Equipment 
APP,AppLovin,Information Technology,
ATR,AptarGroup,Materials,"Metal, Glass & Plastic Containers "
APTV,Aptiv,Consumer Discretionary,Automotive Parts & Equipment 
ARMK,Aramark,Consumer Discretionary,
ACGL,Arch Capital Group,Financials,Reinsurance 
ADM,Archer Daniels Midland,Consumer Staples,Agricultural Products & Services 
ARES,Ares Management,Financials,
ANET,Arista Networks,Information Technology,Communications Equipment 
AWI,Armstrong World Industries,Industrials,
ARW,Arrow Electronics,Information Technology,Technology Distributors 
AJG,Arthur J. Gallagher & Co.,Financials,Insurance Brokers 
ASH,Ashland Global,Materials,Diversified Chemicals 
AZPN,Aspen Technology,Information Technology,Application Software 
AIZ,Assurant,Financials,Multi-line Insurance 
AGO,Assured Guaranty,Financials,
ALAB,Astera Labs,Information Technology,Semiconductors 
T,AT&T,Communication Services,Integrated Telecommunication Services 
ATI,ATI Inc.,Materials,Steel 
TEAM,Atlassian,Information Technology,Application Software 
ATO,Atmos Energy,Utilities,Gas Utilities 
ADSK,Autodesk,Information Technology,Application Software 
ADP,Automatic Data Processing,Industrials,Human Resource & Employment Services 
AN,AutoNation,Consumer Discretionary,Automotive Retail 
AZO,AutoZone,Consumer Discretionary,Automotive Retail 
AVB,AvalonBay Communities,Real Estate,Residential REITs 
AGR,Avangrid,Utilities,
AVTR,Avantor,Health Care,
AVY,Avery Dennison,Materials,Paper & Plastic Packaging Products & Materials 
CAR,Avis Budget Group,Industrials,Passenger Ground Transportation 
AVT,Avnet,Information Technology,Technology Distributors 
AXTA,Axalta,Materials,
AXS,AXIS Capital,Financials,
AXON,Axon Enterprise,Industrials,Aerospace & Defense 
AZEK,Azek,Industrials,
AZTA,Azenta,Health Care,Life Sciences Tools & Services 
BKR,Baker Hughes,Energy,Oil & Gas Equipment & Services 
BALL,Ball Corporation,Materials,"Metal, Glass & Plastic Containers "
BAC,Bank of America,Financials,Diversified Banks 
OZK,Bank OZK,Financials,Regional Banks 
BBWI,"Bath & Body Works, Inc.",Consumer Discretionary,Other Specialty Retail 
BAX,Baxter International,Health Care,Health Care Equipment 
BDX,Becton Dickinson,Health Care,Health Care Equipment 
BRBR,BellRing Brands,Consumer Staples,Packaged Foods & Meats 
BSY,Bentley Systems,Information Technology,
BRK.B,Berkshire Hathaway,Financials,Multi-Sector Holdings 
BERY,Berry Global,Materials,
BBY,Best Buy,Consumer Discretionary,Computer & Electronics Retail 
BILL,Bill.com,Information Technology,
BIO,Bio-Rad Laboratories,Health Care,Life Sciences Tools & Services 
TECH,Bio-Techne,Health Care,Life Sciences Tools & Services 
BIIB,Biogen,Health Care,Biotechnology 
BMRN,BioMarin Pharmaceutical,Health Care,
BIRK,Birkenstock,Consumer Discretionary,Footwear 
BJ,BJ's Wholesale Club,Consumer Staples,Hypermarkets & Super Centers 
BLK,BlackRock,Financials,Asset Management & Custody Banks 
BX,Blackstone Inc.,Financials,Asset Management & Custody Banks 
HRB,H&R Block,Consumer Discretionary,Specialized Consumer Services 
SQ,"Block, Inc.",Financials,Transaction & Payment Processing Services 
OWL,Blue Owl Capital,Financials,
BK,BNY Mellon,Financials,Asset Management & Custody Banks 
BA,Boeing,Industrials,Aerospace & Defense 
BOKF,BOK Financial Corporation,Financials,
BKNG,Booking Holdings,Consumer Discretionary,
BAH,Booz Allen Hamilton,Industrials,
BWA,BorgWarner,Consumer Discretionary,Automotive Parts & Equipment 
SAM,Boston Beer Company,Consumer Staples,Brewers 
BSX,Boston Scientific,Health Care,Health Care Equipment 
BYD,Boyd Gaming,Consumer Discretionary,Casinos & Gaming 
BFAM,Bright Horizons,Consumer Discretionary,
BHF,Brighthouse Financial,Financials,Life & Health Insurance 
BMY,Bristol Myers Squibb,Health Care,Health Care Distributors 
BRX,Brixmor Property Group,Real Estate,Retail REITs 
AVGO,Broadcom,Information Technology,Semiconductors 
BR,Broadridge Financial Solutions,Industrials,Data Processing & Outsourced Services 
BEPC,Brookfield Renewable Partners,Utilities,
BRO,Brown & Brown,Financials,Insurance Brokers 
BF.A,Brown�Forman (Class A),Consumer Staples,Distillers & Vintners 
BF.B,Brown�Forman (Class B),Consumer Staples,Distillers & Vintners 
BRKR,Bruker,Health Care,Health Care Equipment 
BC,Brunswick Corporation,Consumer Discretionary,Leisure Products 
BLDR,Builders FirstSource,Industrials,Building Products 
BG,Bunge Global,Consumer Staples,Agricultural Products & Services 
BURL,Burlington,Consumer Discretionary,
BWXT,BWX Technologies,Industrials,
BXP,"BXP, Inc.",Real Estate,Office REITs 
CHRW,C.H. Robinson,Industrials,Air Freight & Logistics 
CACI,CACI,Industrials,Diversified Support Services 
CDNS,Cadence Design Systems,Information Technology,Application Software 
CZR,Caesars Entertainment,Consumer Discretionary,Casinos & Gaming 
CPT,Camden Property Trust,Real Estate,Residential REITs 
CPB,Campbell Soup Company,Consumer Staples,Packaged Foods & Meats 
COF,Capital One,Financials,Consumer Finance 
CPRI,Capri Holdings,Consumer Discretionary,"Apparel, Accessories & Luxury Goods "
CAH,Cardinal Health,Health Care,Health Care Distributors 
CSL,Carlisle Companies,Industrials,Industrial Conglomerates 
CG,Carlyle Group (The),Financials,
KMX,CarMax,Consumer Discretionary,Automotive Retail 
CCL,Carnival,Consumer Discretionary,"Hotels, Resorts & Cruise Lines "
CARR,Carrier Global,Industrials,Building Products 
CRI,Carter's,Consumer Discretionary,"Apparel, Accessories & Luxury Goods "
CVNA,Carvana,Consumer Discretionary,Automotive Retail 
CASY,Casey's,Consumer Staples,Food Retail 
CTLT,Catalent,Health Care,Pharmaceuticals 
CAT,Caterpillar Inc.,Industrials,Construction Machinery & Heavy Transportation Equipment 
CAVA,Cava Group,Consumer Discretionary,Restaurants 
CBOE,Cboe Global Markets,Financials,Financial Exchanges & Data 
CBRE,CBRE Group,Real Estate,Real Estate Services 
CCCS,CCC Intelligent Solutions,Information Technology,
CDW,CDW,Information Technology,Technology Distributors 
CE,Celanese,Materials,Specialty Chemicals 
CELH,Celsius Holdings,Consumer Staples,Soft Drinks & Non-alcoholic Beverages 
COR,Cencora,Health Care,Health Care Distributors 
CNC,Centene,Health Care,Managed Health Care 
CNP,Centerpoint Energy,Utilities,Multi-Utilities 
CERT,"Certara, Inc.",Health Care,
CF,CF Industries,Materials,Fertilizers & Agricultural Chemicals 
CRL,Charles River Laboratories,Health Care,Life Sciences Tools & Services 
SCHW,Charles Schwab Corporation,Financials,Investment Banking & Brokerage 
CHTR,Charter Communications,Communication Services,Cable & Satellite 
CHE,Chemed Corporation,Health Care,Health Care Services 
CC,Chemours,Materials,Diversified Chemicals 
LNG,Cheniere,Energy,
CVX,Chevron Corporation,Energy,Integrated Oil & Gas 
CMG,Chipotle Mexican Grill,Consumer Discretionary,Restaurants 
CHH,Choice Hotels,Consumer Discretionary,"Hotels, Resorts & Cruise Lines "
CHRD,Chord Energy,Energy,Oil & Gas Exploration & Production 
CB,Chubb Limited,Financials,Property & Casualty Insurance 
CHD,Church & Dwight,Consumer Staples,Household Products 
CHDN,Churchill Downs Incorporated,Consumer Discretionary,Casinos & Gaming 
CIEN,Ciena,Information Technology,Communications Equipment 
CI,Cigna,Health Care,Managed Health Care 
CINF,Cincinnati Financial,Financials,Property & Casualty Insurance 
CTAS,Cintas,Industrials,Diversified Support Services 
CRUS,Cirrus Logic,Information Technology,Semiconductors 
CSCO,Cisco,Information Technology,Communications Equipment 
C,Citigroup,Financials,Diversified Banks 
CFG,Citizens Financial Group,Financials,Regional Banks 
CIVI,Civitas Resources,Energy,Oil & Gas Exploration & Production 
CLVT,Clarivate,Industrials,
CLH,Clean Harbors,Industrials,Environmental & Facilities Services 
CWEN.A,Clearway Energy (Class A),Utilities,
CWEN,Clearway Energy (Class C),Utilities,
CLF,Cleveland-Cliffs,Materials,Steel 
CLX,Clorox,Consumer Staples,Household Products 
NET,Cloudflare,Information Technology,
CME,CME Group,Financials,Financial Exchanges & Data 
CMS,CMS Energy,Utilities,Multi-Utilities 
CNA,CNA Financial,Financials,
CNH,CNH Industrial,Industrials,
KO,Coca-Cola Company (The),Consumer Staples,Soft Drinks & Non-alcoholic Beverages 
COKE,Coca-Cola Consolidated,Consumer Staples,Soft Drinks & Non-alcoholic Beverages 
CGNX,Cognex Corporation,Information Technology,Electronic Equipment & Instruments 
CTSH,Cognizant,Information Technology,IT Consulting & Other Services 
COHR,Coherent Corp.,Information Technology,Electronic Components 
COIN,Coinbase,Financials,
CL,Colgate-Palmolive,Consumer Staples,Household Products 
COLB,Columbia Banking System,Financials,Regional Banks 
COLM,Columbia Sportswear,Consumer Discretionary,"Apparel, Accessories & Luxury Goods "
CMCSA,Comcast,Communication Services,Cable & Satellite 
CMA,Comerica,Financials,Diversified Banks 
FIX,Comfort Systems USA,Industrials,Construction & Engineering 
CBSH,Commerce Bancshares,Financials,Regional Banks 
CAG,Conagra Brands,Consumer Staples,Packaged Foods & Meats 
CNXC,Concentrix,Information Technology,Data Processing & Outsourced Services 
CFLT,"Confluent, Inc.",Information Technology,
COP,ConocoPhillips,Energy,Oil & Gas Exploration & Production 
ED,Consolidated Edison,Utilities,Electric Utilities 
STZ,Constellation Brands,Consumer Staples,Distillers & Vintners 
CEG,Constellation Energy,Utilities,Multi-Utilities 
COO,Cooper Companies (The),Health Care,Health Care Supplies 
CPRT,Copart,Industrials,Diversified Support Services 
CNM,Core & Main,Industrials,
GLW,Corning Inc.,Information Technology,Electronic Components 
CPAY,Corpay,Financials,Transaction & Payment Processing Services 
CTVA,Corteva,Materials,Fertilizers & Agricultural Chemicals 
CSGP,CoStar Group,Industrials,
COST,Costco,Consumer Staples,Consumer Staples Merchandise Retail 
CTRA,Coterra,Energy,Oil & Gas Exploration & Production 
COTY,Coty,Consumer Staples,Personal Care Products 
CPNG,Coupang,Consumer Discretionary,
CUZ,Cousins Properties,Real Estate,Office REITs 
CR,Crane Co.,Industrials,Industrial Machinery & Supplies & Components 
CXT,Crane NXT,Industrials,Industrial Machinery & Supplies & Components 
CACC,Credit Acceptance,Financials,
CRH,CRH plc,Materials,Construction Materials 
CROX,Crocs,Consumer Discretionary,Footwear 
CRWD,CrowdStrike,Information Technology,Application Software 
CCI,Crown Castle,Real Estate,Telecom Tower REITs 
CCK,Crown Holdings,Materials,
CSX,CSX Corporation,Industrials,Rail Transportation 
CUBE,CubeSmart,Real Estate,
CMI,Cummins,Industrials,Industrial Machinery & Supplies & Components 
CW,Curtiss-Wright,Industrials,Aerospace & Defense 
CVS,CVS Health,Health Care,Health Care Services 
DHI,D. R. Horton,Consumer Discretionary,Homebuilding 
DHR,Danaher Corporation,Health Care,Life Sciences Tools & Services 
DRI,Darden Restaurants,Consumer Discretionary,Restaurants 
DAR,Darling Ingredients,Consumer Staples,
DDOG,Datadog,Information Technology,Application Software 
DVA,DaVita,Health Care,Health Care Facilities 
DAY,Dayforce,Industrials,Human Resource & Employment Services 
DECK,Deckers Brands,Consumer Discretionary,Footwear 
DE,Deere & Company,Industrials,Agricultural & Farm Machinery 
DAL,Delta Air Lines,Industrials,Passenger Airlines 
DELL,Dell Technologies,Information Technology,"Technology Hardware, Storage & Peripherals "
XRAY,Dentsply Sirona,Health Care,Health Care Supplies 
DVN,Devon Energy,Energy,Oil & Gas Exploration & Production 
DXCM,Dexcom,Health Care,Health Care Equipment 
FANG,Diamondback Energy,Energy,Oil & Gas Exploration & Production 
DKS,Dick's Sporting Goods,Consumer Discretionary,Other Specialty Retail 
DLR,Digital Realty,Real Estate,Data Center REITs 
DDS,Dillard's,Consumer Discretionary,Broadline Retail 
DFS,Discover Financial,Financials,Consumer Finance 
DOCU,DocuSign,Information Technology,Application Software 
DLB,Dolby Laboratories,Information Technology,
DG,Dollar General,Consumer Staples,Consumer Staples Merchandise Retail 
DLTR,Dollar Tree,Consumer Staples,Consumer Staples Merchandise Retail 
D,Dominion Energy,Utilities,Electric Utilities 
DPZ,Domino's,Consumer Discretionary,Restaurants 
DCI,Donaldson Company,Industrials,Industrial Machinery & Supplies & Components 
DASH,DoorDash,Consumer Discretionary,
DV,DoubleVerify,Information Technology,
DOV,Dover Corporation,Industrials,Industrial Machinery & Supplies & Components 
DOW,Dow Inc.,Materials,Commodity Chemicals 
DOCS,Doximity,Health Care,
DKNG,DraftKings,Consumer Discretionary,
DBX,Dropbox,Information Technology,
DTM,DT Midstream,Energy,
DTE,DTE Energy,Utilities,Multi-Utilities 
DUK,Duke Energy,Utilities,Electric Utilities 
DNB,Dun & Bradstreet,Industrials,
DUOL,Duolingo,Consumer Discretionary,Education Services 
DD,DuPont,Materials,Specialty Chemicals 
BROS,Dutch Bros. Coffee,Consumer Discretionary,Restaurants 
DXC,DXC Technology,Information Technology,IT Consulting & Other Services 
DT,Dynatrace,Information Technology,
ELF,e.l.f. Beauty,Consumer Staples,Personal Care Products 
EXP,Eagle Materials,Materials,Construction Materials 
EWBC,East West Bancorp,Financials,Regional Banks 
EGP,EastGroup Properties,Real Estate,
EMN,Eastman Chemical Company,Materials,Diversified Chemicals 
ETN,Eaton Corporation,Industrials,Electrical Components & Equipment 
EBAY,eBay,Consumer Discretionary,
ECL,Ecolab,Materials,Specialty Chemicals 
EIX,Edison International,Utilities,Electric Utilities 
EW,Edwards Lifesciences,Health Care,Health Care Equipment 
ELAN,Elanco,Health Care,
ESTC,Elastic,Information Technology,
EA,Electronic Arts,Communication Services,Interactive Home Entertainment 
ESI,Element Solutions,Materials,
ELV,Elevance Health,Health Care,Managed Health Care 
EME,Emcor,Industrials,Construction & Engineering 
EMR,Emerson Electric,Industrials,Electrical Components & Equipment 
EHC,Encompass Health,Health Care,Health Care Facilities 
ENOV,Enovis,Health Care,Health Care Equipment 
ENPH,Enphase Energy,Information Technology,Electronic Components 
ENTG,Entegris,Information Technology,
ETR,Entergy,Utilities,Electric Utilities 
NVST,Envista,Health Care,Health Care Supplies 
EOG,EOG Resources,Energy,Oil & Gas Exploration & Production 
EPAM,EPAM Systems,Information Technology,IT Consulting & Other Services 
EPR,EPR Properties,Real Estate,Other Specialized REITs 
EQT,EQT Corporation,Energy,Oil & Gas Exploration & Production 
EFX,Equifax,Industrials,Research & Consulting Services 
EQIX,Equinix,Real Estate,Data Center REITs 
EQH,Equitable Holdings,Financials,
ELS,Equity Lifestyle Properties,Real Estate,
EQR,Equity Residential,Real Estate,Residential REITs 
ESAB,ESAB,Industrials,Industrial Machinery & Supplies & Components 
WTRG,Essential Utilities,Utilities,Water Utilities 
ESS,Essex Property Trust,Real Estate,Residential REITs 
EL,Est�e Lauder Companies (The),Consumer Staples,Personal Care Products 
ETSY,Etsy,Consumer Discretionary,
EEFT,Euronet Worldwide,Financials,Transaction & Payment Processing Services 
EVR,Evercore,Financials,Investment Banking & Brokerage 
EG,Everest Group,Financials,Reinsurance 
EVRG,Evergy,Utilities,Electric Utilities 
ES,Eversource Energy,Utilities,Multi-Utilities 
EXAS,Exact Sciences,Health Care,
EXEL,Exelixis,Health Care,Biotechnology 
EXC,Exelon,Utilities,Multi-Utilities 
EXE,Expand Energy,Energy,Oil & Gas Exploration & Production 
EXPE,Expedia Group,Consumer Discretionary,
EXPD,Expeditors International,Industrials,Air Freight & Logistics 
EXR,Extra Space Storage,Real Estate,Self-Storage REITs 
XOM,ExxonMobil,Energy,Integrated Oil & Gas 
FFIV,"F5, Inc.",Information Technology,Communications Equipment 
FDS,FactSet,Financials,Financial Exchanges & Data 
FICO,Fair Isaac,Information Technology,Application Software 
FAST,Fastenal,Industrials,Building Products 
FRT,Federal Realty Investment Trust,Real Estate,Retail REITs 
FDX,FedEx,Industrials,Air Freight & Logistics 
FERG,Ferguson plc,Industrials,Industrial Machinery & Supplies & Components 
FNF,Fidelity National Financial,Financials,
FIS,Fidelity National Information Services,Financials,Transaction & Payment Processing Services 
FITB,Fifth Third Bank,Financials,Regional Banks 
FAF,First American,Financials,Property & Casualty Insurance 
FCNCA,First Citizens BancShares,Financials,
FHB,First Hawaiian Bank,Financials,Regional Banks 
FHN,First Horizon Bank,Financials,Regional Banks 
FR,First Industrial Realty Trust,Real Estate,
FSLR,First Solar,Information Technology,Semiconductors 
FE,FirstEnergy,Utilities,Electric Utilities 
FI,Fiserv,Financials,Transaction & Payment Processing Services 
FIVE,Five Below,Consumer Discretionary,Other Specialty Retail 
FIVN,Five9,Information Technology,
FND,Floor & Decor,Consumer Discretionary,Home Improvement Retail 
FLO,Flowers Foods,Consumer Staples,Packaged Foods & Meats 
FLS,Flowserve,Industrials,Industrial Machinery & Supplies & Components 
FMC,FMC Corporation,Materials,Fertilizers & Agricultural Chemicals 
FNB,FNB Corporation,Financials,Regional Banks 
F,Ford Motor Company,Consumer Discretionary,Automobile Manufacturers 
FTNT,Fortinet,Information Technology,Systems Software 
FTV,Fortive,Industrials,Industrial Machinery & Supplies & Components 
FTRE,Fortrea,Health Care,
FBIN,Fortune Brands Innovations,Industrials,Building Products 
FOXA,Fox Corporation (Class A),Communication Services,Movies & Entertainment 
FOX,Fox Corporation (Class B),Communication Services,Movies & Entertainment 
BEN,Franklin Templeton Investments,Financials,Asset Management & Custody Banks 
FCX,Freeport-McMoRan,Materials,Copper 
FRPT,Freshpet,Consumer Staples,
FYBR,Frontier Communications,Communication Services,
CFR,Frost Bank,Financials,Regional Banks 
FCN,FTI Consulting,Industrials,Research & Consulting Services 
GME,GameStop,Consumer Discretionary,Computer & Electronics Retail 
GLPI,Gaming and Leisure Properties,Real Estate,
GAP,Gap Inc.,Consumer Discretionary,Apparel Retail 
GRMN,Garmin,Consumer Discretionary,Consumer Electronics 
IT,Gartner,Information Technology,IT Consulting & Other Services 
GTES,Gates Corporation,Industrials,
GE,GE Aerospace,Industrials,Aerospace & Defense 
GEHC,GE HealthCare,Health Care,Health Care Equipment 
GEV,GE Vernova,Industrials,Industrial Machinery & Supplies & Components 
GEN,Gen Digital,Information Technology,Application Software 
GNRC,Generac,Industrials,Electrical Components & Equipment 
GD,General Dynamics,Industrials,Aerospace & Defense 
GIS,General Mills,Consumer Staples,Packaged Foods & Meats 
GM,General Motors,Consumer Discretionary,Automobile Manufacturers 
G,Genpact,Information Technology,IT Consulting & Other Services 
GNTX,Gentex,Consumer Discretionary,Automotive Parts & Equipment 
GPC,Genuine Parts Company,Consumer Discretionary,Automotive Parts & Equipment 
GILD,Gilead Sciences,Health Care,Biotechnology 
GTLB,GitLab,Information Technology,
GPN,Global Payments,Financials,Transaction & Payment Processing Services 
GFS,GlobalFoundries,Information Technology,
GLOB,Globant,Information Technology,
GL,Globe Life,Financials,Life & Health Insurance 
GMED,Globus Medical,Health Care,Health Care Equipment 
GDDY,GoDaddy,Information Technology,
GS,Goldman Sachs,Financials,Investment Banking & Brokerage 
GGG,Graco,Industrials,Industrial Machinery & Supplies & Components 
GRAL,"Grail, Inc.",Health Care,Health Care Services 
LOPE,Grand Canyon Education,Consumer Discretionary,Education Services 
GPK,Graphic Packaging,Materials,
GO,Grocery Outlet,Consumer Staples,Food Retail 
GWRE,Guidewire Software,Information Technology,
GXO,GXO Logistics,Industrials,Air Freight & Logistics 
HAL,Halliburton,Energy,Oil & Gas Equipment & Services 
THG,Hanover Insurance,Financials,Property & Casualty Insurance 
HOG,Harley-Davidson,Consumer Discretionary,Motorcycle Manufacturers 
HIG,Hartford (The),Financials,Property & Casualty Insurance 
HAS,Hasbro,Consumer Discretionary,Leisure Products 
HCP,HashiCorp,Information Technology,
HAYW,Hayward Holdings,Industrials,
HCA,HCA Healthcare,Health Care,Health Care Facilities 
HR,Healthcare Realty Trust,Real Estate,
DOC,Healthpeak Properties,Real Estate,Health Care REITs 
HEI.A,HEICO (Class A),Industrials,Aerospace & Defense 
HEI,HEICO (Common),Industrials,Aerospace & Defense 
JKHY,Jack Henry & Associates,Financials,Transaction & Payment Processing Services 
HSY,Hershey Company (The),Consumer Staples,Packaged Foods & Meats 
HES,Hess Corporation,Energy,Integrated Oil & Gas 
HPE,Hewlett Packard Enterprise,Information Technology,"Technology Hardware, Storage & Peripherals "
HXL,Hexcel,Industrials,Aerospace & Defense 
DINO,HF Sinclair,Energy,Oil & Gas Refining & Marketing 
HIW,Highwoods Properties,Real Estate,
HLT,Hilton Worldwide,Consumer Discretionary,"Hotels, Resorts & Cruise Lines "
HOLX,Hologic,Health Care,Health Care Equipment 
HD,Home Depot (The),Consumer Discretionary,Home Improvement Retail 
HON,Honeywell,Industrials,Industrial Conglomerates 
HRL,Hormel Foods,Consumer Staples,Packaged Foods & Meats 
HST,Host Hotels & Resorts,Real Estate,Hotel & Resort REITs 
HLI,Houlihan Lokey,Financials,
HHH,Howard Hughes Holdings,Real Estate,
HWM,Howmet Aerospace,Industrials,Aerospace & Defense 
HPQ,HP Inc.,Information Technology,"Technology Hardware, Storage & Peripherals "
HUBB,Hubbell Incorporated,Industrials,Industrial Machinery & Supplies & Components 
HUBS,HubSpot,Information Technology,
HUM,Humana,Health Care,Managed Health Care 
HBAN,Huntington Bancshares,Financials,Regional Banks 
HII,Huntington Ingalls Industries,Industrials,Aerospace & Defense 
HUN,Huntsman Corporation,Materials,
H,Hyatt Hotels,Consumer Discretionary,
IAC,IAC Inc.,Communication Services,
IBM,IBM,Information Technology,IT Consulting & Other Services 
IDA,Idacorp,Utilities,Electric Utilities 
IEX,IDEX Corporation,Industrials,Industrial Machinery & Supplies & Components 
IDXX,Idexx Laboratories,Health Care,Health Care Equipment 
ITW,Illinois Tool Works,Industrials,Industrial Machinery & Supplies & Components 
ILMN,"Illumina, Inc.",Health Care,Life Sciences Tools & Services 
INCY,Incyte,Health Care,Biotechnology 
INFA,Informatica,Information Technology,
IR,Ingersoll Rand,Industrials,Industrial Machinery & Supplies & Components 
INGR,Ingredion,Consumer Staples,Agricultural Products & Services 
INSP,Inspire Medical Systems,Health Care,
PODD,Insulet,Health Care,
INTC,Intel,Information Technology,Semiconductors 
IBKR,Interactive Brokers,Financials,Investment Banking & Brokerage 
ICE,Intercontinental Exchange,Financials,Financial Exchanges & Data 
IFF,International Flavors & Fragrances,Materials,Specialty Chemicals 
IP,International Paper,Materials,Paper & Plastic Packaging Products & Materials 
IPG,Interpublic Group of Companies (The),Communication Services,Advertising 
ITCI,Intra-Cellular Therapies,Health Care,Pharmaceuticals 
INTU,Intuit,Information Technology,Application Software 
ISRG,Intuitive Surgical,Health Care,Health Care Equipment 
IVZ,Invesco,Financials,Asset Management & Custody Banks 
INVH,Invitation Homes,Real Estate,
IONS,Ionis Pharmaceuticals,Health Care,
IPGP,IPG Photonics,Information Technology,Electronic Manufacturing Services 
IQV,IQVIA,Health Care,Life Sciences Tools & Services 
IRDM,Iridium Communications,Communication Services,
IRM,Iron Mountain,Real Estate,Other Specialized REITs 
ITT,ITT Inc.,Industrials,Industrial Machinery & Supplies & Components 
JBL,Jabil,Information Technology,Electronic Manufacturing Services 
J,Jacobs Solutions,Industrials,Construction & Engineering 
JHG,Janus Henderson,Financials,Asset Management & Custody Banks 
JAZZ,Jazz Pharmaceuticals,Health Care,Pharmaceuticals 
JBHT,J. B. Hunt,Industrials,Cargo Ground Transportation 
JEF,Jefferies Financial Group,Financials,Multi-Sector Holdings 
JNJ,Johnson & Johnson,Health Care,Pharmaceuticals 
JCI,Johnson Controls,Industrials,Building Products 
JLL,Jones Lang LaSalle,Real Estate,Real Estate Services 
JPM,JPMorgan Chase,Financials,Diversified Banks 
JNPR,Juniper Networks,Information Technology,Communications Equipment 
KBR,"KBR, Inc.",Industrials,Diversified Support Services 
K,Kellanova,Consumer Staples,Packaged Foods & Meats 
KMPR,Kemper Corporation,Financials,Multi-line Insurance 
KVUE,Kenvue,Consumer Staples,Personal Care Products 
KDP,Keurig Dr Pepper,Consumer Staples,Soft Drinks & Non-alcoholic Beverages 
KEY,Keycorp,Financials,Regional Banks 
KEYS,Keysight,Information Technology,Electronic Equipment & Instruments 
KRC,Kilroy Realty,Real Estate,
KMB,Kimberly-Clark,Consumer Staples,Household Products 
KIM,Kimco Realty,Real Estate,Retail REITs 
KMI,Kinder Morgan,Energy,Oil & Gas Storage & Transportation 
KNSL,Kinsale Capital Group,Financials,
KEX,Kirby Corporation,Industrials,Marine 
KKR,KKR,Financials,
KLAC,KLA Corporation,Information Technology,Semiconductor Materials & Equipment 
KNX,Knight-Swift,Industrials,Cargo Ground Transportation 
KSS,Kohl's,Consumer Discretionary,General Merchandise Stores 
KHC,Kraft Heinz,Consumer Staples,Packaged Foods & Meats 
KR,Kroger,Consumer Staples,Food Retail 
KD,Kyndryl,Information Technology,IT Consulting & Other Services 
LHX,L3Harris,Industrials,Aerospace & Defense 
LH,Labcorp,Health Care,Health Care Services 
LRCX,Lam Research,Information Technology,Semiconductor Materials & Equipment 
LAMR,Lamar Advertising,Real Estate,Other Specialized REITs 
LW,Lamb Weston,Consumer Staples,Packaged Foods & Meats 
LSTR,Landstar,Industrials,Cargo Ground Transportation 
LVS,Las Vegas Sands,Consumer Discretionary,Casinos & Gaming 
LSCC,Lattice Semiconductor,Information Technology,Semiconductors 
LAZ,Lazard,Financials,
LEA,Lear,Consumer Discretionary,Automotive Parts & Equipment 
LEG,Leggett & Platt,Consumer Discretionary,Home Furnishings 
LDOS,Leidos,Industrials,Diversified Support Services 
LEN,Lennar (Class A),Consumer Discretionary,Homebuilding 
LEN.B,Lennar (Class B),Consumer Discretionary,Homebuilding 
LII,Lennox International,Industrials,Building Products 
LBRDA,Liberty Broadband (Series A),Communication Services,
LBRDK,Liberty Broadband (Series C),Communication Services,
LBTYA,Liberty Global (Series A),Communication Services,Cable & Satellite 
LBTYK,Liberty Global (Series C),Communication Services,Cable & Satellite 
FWONA,Liberty Formula 1 (Series A),Communication Services,
FWONK,Liberty Formula 1 (Series C),Communication Services,
LLYVA,Liberty Live (Series A),Communication Services,
LLYVK,Liberty Live (Series C),Communication Services,
LSXMA,Liberty SiriusXM (Series A),Communication Services,
LSXMK,Liberty SiriusXM (Series C),Communication Services,
LNW,Light & Wonder,Consumer Discretionary,Casinos & Gaming 
LLY,Lilly (Eli),Health Care,Pharmaceuticals 
LECO,Lincoln Electric,Industrials,Industrial Machinery & Supplies & Components 
LNC,Lincoln Financial,Financials,Multi-line Insurance 
LIN,Linde,Materials,Industrial Gases 
LAD,Lithia Motors,Consumer Discretionary,Automotive Retail 
LFUS,Littelfuse,Information Technology,Electronic Components 
LYV,Live Nation Entertainment,Communication Services,Movies & Entertainment 
LKQ,LKQ,Consumer Discretionary,Distributors 
LOAR,Loar Holdings,Industrials,Aerospace & Defense 
LMT,Lockheed Martin,Industrials,Aerospace & Defense 
L,Loews Corporation,Financials,Multi-line Insurance 
LPX,Louisiana-Pacific,Materials,Forest Products 
LOW,Lowe's,Consumer Discretionary,Home Improvement Retail 
LPLA,LPL Financial,Financials,
LCID,Lucid Motors,Consumer Discretionary,Automobile Manufacturers 
LULU,Lululemon,Consumer Discretionary,"Apparel, Accessories & Luxury Goods "
LITE,Lumentum,Information Technology,
LYFT,Lyft,Industrials,Passenger Ground Transportation 
LYB,LyondellBasell,Materials,Specialty Chemicals 
MTB,M&T Bank,Financials,Regional Banks 
MTSI,MACOM Technology Solutions,Information Technology,Semiconductors 
M,Macy's,Consumer Discretionary,Department Stores 
MSGS,Madison Square Garden Sports,Communication Services,
MANH,Manhattan Associates,Information Technology,
MAN,ManpowerGroup,Industrials,Human Resource & Employment Services 
CART,Maplebear Inc.,Consumer Staples,
MRO,Marathon Oil,Energy,Oil & Gas Exploration & Production 
MPC,Marathon Petroleum,Energy,Oil & Gas Refining & Marketing 
MKL,Markel,Financials,
MKTX,MarketAxess,Financials,Financial Exchanges & Data 
MAR,Marriott International,Consumer Discretionary,"Hotels, Resorts & Cruise Lines "
VAC,Marriott Vacations Worldwide,Consumer Discretionary,"Hotels, Resorts & Cruise Lines "
MMC,Marsh McLennan,Financials,Insurance Brokers 
MLM,Martin Marietta,Materials,Construction Materials 
MRVL,Marvell,Information Technology,Semiconductors 
MAS,Masco,Industrials,Building Products 
MASI,Masimo,Health Care,Health Care Equipment 
MTZ,MasTec,Industrials,Construction & Engineering 
MA,Mastercard,Financials,Transaction & Payment Processing Services 
MTDR,Matador Resources,Energy,Oil & Gas Exploration & Production 
MTCH,Match Group,Communication Services,Interactive Media & Services 
MAT,Mattel,Consumer Discretionary,Leisure Products 
MKC,McCormick,Consumer Staples,Packaged Foods & Meats 
MCD,McDonald's,Consumer Discretionary,Restaurants 
MCK,McKesson Corporation,Health Care,Health Care Distributors 
MDU,MDU Resources,Utilities,Multi-Utilities 
MPW,Medical Properties Trust,Real Estate,Health Care REITs 
MEDP,Medpace,Health Care,
MDT,Medtronic,Health Care,Health Care Equipment 
MRK,Merck,Health Care,Pharmaceuticals 
META,Meta,Communication Services,Interactive Media & Services 
MET,Metlife,Financials,Life & Health Insurance 
MTD,Mettler Toledo,Health Care,Life Sciences Tools & Services 
MTG,MGIC,Financials,Reinsurance 
MGM,MGM Resorts International,Consumer Discretionary,Casinos & Gaming 
MCHP,Microchip,Information Technology,Semiconductors 
MU,Micron,Information Technology,Semiconductors 
MSFT,Microsoft,Information Technology,Systems Software 
MSTR,MicroStrategy,Information Technology,Application Software 
MAA,Mid-America Apartments,Real Estate,Residential REITs 
MIDD,Middleby,Industrials,Industrial Machinery & Supplies & Components 
MKSI,MKS Instruments,Information Technology,Semiconductor Materials & Equipment 
MRNA,Moderna,Health Care,Biotechnology 
MHK,Mohawk Industries,Consumer Discretionary,Home Furnishings 
MOH,Molina Healthcare,Health Care,Managed Health Care 
TAP,Molson Coors,Consumer Staples,Brewers 
MDLZ,Mondelez International,Consumer Staples,Packaged Foods & Meats 
MDB,MongoDB,Information Technology,
MPWR,Monolithic Power Systems,Information Technology,Semiconductors 
MNST,Monster Beverage,Consumer Staples,Soft Drinks & Non-alcoholic Beverages 
MCO,Moody's,Financials,Financial Exchanges & Data 
MS,Morgan Stanley,Financials,Investment Banking & Brokerage 
MORN,Morningstar,Financials,
MOS,Mosaic,Materials,Fertilizers & Agricultural Chemicals 
MSI,Motorola Solutions,Information Technology,Communications Equipment 
MP,MP Materials,Materials,Diversified Metals & Mining 
MSA,MSA Safety,Industrials,Office Services & Supplies 
MSM,MSC Industrial Direct,Industrials,Trading Companies & Distributors 
MSCI,MSCI,Financials,Financial Exchanges & Data 
MUSA,Murphy USA,Consumer Discretionary,
NDAQ,Nasdaq,Financials,Financial Exchanges & Data 
NTRA,Natera,Health Care,
NFG,National Fuel,Utilities,Gas Utilities 
NSA,National Storage Affiliates,Real Estate,
NCNO,nCino,Information Technology,
NTAP,Netapp,Information Technology,"Technology Hardware, Storage & Peripherals "
NFLX,Netflix,Communication Services,Movies & Entertainment 
NBIX,Neurocrine Biosciences,Health Care,Biotechnology 
NFE,New Fortress Energy,Energy,
NYT,New York Times Company,Communication Services,Publishing 
NWL,Newell Brands,Consumer Discretionary,Housewares & Specialties 
NEU,NewMarket,Materials,Specialty Chemicals 
NEM,Newmont,Materials,Gold 
NWSA,News Corp (Class A),Communication Services,Publishing 
NWS,News Corp (Class B),Communication Services,Publishing 
NXST,Nexstar,Communication Services,
NEE,NextEra Energy,Utilities,Multi-Utilities 
NKE,Nike,Consumer Discretionary,"Apparel, Accessories & Luxury Goods "
NI,NiSource,Utilities,Multi-Utilities 
NNN,NNN Reit,Real Estate,Retail REITs 
NDSN,Nordson,Industrials,Industrial Machinery & Supplies & Components 
JWN,Nordstrom,Consumer Discretionary,Department Stores 
NSC,Norfolk Southern,Industrials,Rail Transportation 
NTRS,Northern Trust,Financials,Asset Management & Custody Banks 
NOC,Northrop Grumman,Industrials,Aerospace & Defense 
NCLH,Norwegian Cruise Line Holdings,Consumer Discretionary,"Hotels, Resorts & Cruise Lines "
NOV,Nov,Energy,Oil & Gas Equipment & Services 
NRG,NRG Energy,Utilities,Independent Power Producers & Energy Traders 
NU,Nubank,Financials,
NUE,Nucor,Materials,Steel 
NTNX,Nutanix,Information Technology,
NVT,Nvent Electric,Industrials,
NVDA,Nvidia,Information Technology,Semiconductors 
NVR,NVR,Consumer Discretionary,Homebuilding 
ORLY,O'Reilly Auto Parts,Consumer Discretionary,Automotive Retail 
OXY,Occidental Petroleum,Energy,Oil & Gas Exploration & Production 
OGE,OG&E,Utilities,Multi-Utilities 
OKTA,Okta,Information Technology,Application Software 
ODFL,Old Dominion,Industrials,Cargo Ground Transportation 
ORI,Old Republic,Financials,Property & Casualty Insurance 
OLN,Olin,Materials,Diversified Chemicals 
OLLI,Ollie's,Consumer Discretionary,General Merchandise Stores 
OHI,Omega Healthcare Investors,Real Estate,
OMC,Omnicom,Communication Services,Advertising 
ON,ON Semiconductor,Information Technology,Semiconductors 
OMF,OneMain Financial,Financials,
OKE,Oneok,Energy,Oil & Gas Storage & Transportation 
ONTO,Onto Innovation,Information Technology,Semiconductor Materials & Equipment 
ORCL,Oracle,Information Technology,Application Software 
OGN,Organon,Health Care,Pharmaceuticals 
OSK,Oshkosh,Industrials,Construction Machinery & Heavy Transportation Equipment 
OTIS,Otis,Industrials,Industrial Machinery & Supplies & Components 
OVV,Ovintiv,Energy,
OC,Owens Corning,Industrials,Building Products 
PCAR,Paccar,Industrials,Construction Machinery & Heavy Transportation Equipment 
PKG,Packaging Corporation of America,Materials,Paper & Plastic Packaging Products & Materials 
PLTR,Palantir,Information Technology,
PANW,Palo Alto Networks,Information Technology,Systems Software 
PARAA,Paramount (Class A),Communication Services,Movies & Entertainment 
PARA,Paramount (Class B),Communication Services,Movies & Entertainment 
PK,Park Hotels & Resorts,Real Estate,Hotel & Resort REITs 
PH,Parker Hannifin,Industrials,Industrial Machinery & Supplies & Components 
PSN,Parsons,Industrials,Aerospace & Defense 
PAYX,Paychex,Industrials,Human Resource & Employment Services 
PAYC,Paycom,Information Technology,Application Software 
PYCR,Paycor,Information Technology,
PCTY,Paylocity,Information Technology,Application Software 
PYPL,PayPal,Financials,Transaction & Payment Processing Services 
PEGA,Pegasystems,Information Technology,
PENN,Penn Entertainment,Consumer Discretionary,Casinos & Gaming 
PAG,Penske Automotive,Consumer Discretionary,
PNR,Pentair,Industrials,Industrial Machinery & Supplies & Components 
PEN,Penumbra,Health Care,
PEP,PepsiCo,Consumer Staples,Soft Drinks & Non-alcoholic Beverages 
PFGC,Performance Food Group,Consumer Staples,Food Distributors 
PR,Permian Resources,Energy,Oil & Gas Exploration & Production 
PRGO,Perrigo,Health Care,Pharmaceuticals 
PFE,Pfizer,Health Care,Pharmaceuticals 
PCG,PG&E,Utilities,
PM,Philip Morris International,Consumer Staples,Tobacco 
PSX,Phillips 66,Energy,Oil & Gas Refining & Marketing 
PPC,Pilgrim's Pride,Consumer Staples,Packaged Foods & Meats 
PNFP,Pinnacle Financial Partners,Financials,Regional Banks 
PNW,Pinnacle West,Utilities,Multi-Utilities 
PINS,Pinterest,Communication Services,
PLNT,Planet Fitness,Consumer Discretionary,
PLTK,Playtika,Communication Services,
PNC,PNC Financial Services,Financials,Regional Banks 
PII,Polaris,Consumer Discretionary,Leisure Products 
POOL,Pool Corporation,Consumer Discretionary,Distributors 
BPOP,Popular,Financials,
POST,Post Holdings,Consumer Staples,Packaged Foods & Meats 
PPG,PPG Industries,Materials,Specialty Chemicals 
PPL,PPL,Utilities,Electric Utilities 
PINC,"Premier, Inc.",Health Care,
TROW,T. Rowe Price,Financials,Asset Management & Custody Banks 
PRI,Primerica,Financials,Life & Health Insurance 
PFG,Principal Financial Group,Financials,Life & Health Insurance 
PCOR,Procore,Information Technology,
PG,Procter & Gamble,Consumer Staples,Personal Care Products 
PGR,Progressive Corporation,Financials,Property & Casualty Insurance 
PLD,Prologis,Real Estate,Industrial REITs 
PB,Prosperity Bancshares,Financials,Regional Banks 
PRU,Prudential Financial,Financials,Life & Health Insurance 
PTC,PTC Inc.,Information Technology,Application Software 
PSA,Public Storage,Real Estate,Self-Storage REITs 
PEG,Public Service Enterprise Group,Utilities,Electric Utilities 
PHM,PulteGroup,Consumer Discretionary,Homebuilding 
PSTG,Pure Storage,Information Technology,
PVH,PVH Corp.,Consumer Discretionary,"Apparel, Accessories & Luxury Goods "
QGEN,Qiagen,Health Care,
QRVO,Qorvo,Information Technology,Semiconductors 
QCOM,Qualcomm,Information Technology,Semiconductors 
PWR,Quanta Services,Industrials,Construction & Engineering 
QS,QuantumScape,Consumer Discretionary,
DGX,Quest Diagnostics,Health Care,Health Care Services 
QDEL,QuidelOrtho,Health Care,Health Care Supplies 
RCM,R1 RCM,Health Care,
RL,Ralph Lauren Corporation,Consumer Discretionary,"Apparel, Accessories & Luxury Goods "
RRC,Range Resources,Energy,Oil & Gas Exploration & Production 
RJF,Raymond James,Financials,Investment Banking & Brokerage 
RYN,Rayonier,Real Estate,Timber REITs 
RTX,RTX Corporation,Industrials,Aerospace & Defense 
RBC,RBC Bearings,Industrials,
O,Realty Income,Real Estate,Retail REITs 
RRX,Regal Rexnord,Industrials,Electrical Components & Equipment 
REG,Regency Centers,Real Estate,Retail REITs 
REGN,Regeneron Pharmaceuticals,Health Care,Biotechnology 
RF,Regions,Financials,Regional Banks 
RGA,Reinsurance Group of America,Financials,Reinsurance 
RS,Reliance Steel,Materials,Steel 
RNR,RenaissanceRe,Financials,Reinsurance 
RGEN,Repligen,Health Care,Biotechnology 
RSG,Republic Services,Industrials,Environmental & Facilities Services 
RMD,Resmed,Health Care,Health Care Equipment 
RVTY,Revvity,Health Care,Health Care Equipment 
REXR,Rexford Industrial,Real Estate,
REYN,Reynolds Consumer Products,Consumer Staples,
RH,RH,Consumer Discretionary,Homefurnishing Retail 
RNG,RingCentral,Information Technology,
RBA,Ritchie Bros. Auctioneers,Industrials,
RITM,Rithm Capital,Financials,
RIVN,Rivian,Consumer Discretionary,
RLI,RLI Corp.,Financials,
RHI,Robert Half,Industrials,Human Resource & Employment Services 
HOOD,Robinhood Markets,Financials,
RBLX,Roblox Corporation,Communication Services,
RKT,Rocket Companies,Financials,
ROK,Rockwell Automation,Industrials,Electrical Components & Equipment 
ROIV,Roivant Sciences,Health Care,
ROKU,"Roku, Inc.",Communication Services,
ROL,"Rollins, Inc.",Industrials,Environmental & Facilities Services 
ROP,Roper Technologies,Industrials,Industrial Conglomerates 
ROST,Ross Stores,Consumer Discretionary,Apparel Retail 
RCL,Royal Caribbean Group,Consumer Discretionary,"Hotels, Resorts & Cruise Lines "
RGLD,Royal Gold,Materials,Precious Metals & Minerals 
RPRX,Royalty Pharma,Health Care,
RPM,RPM International,Materials,Specialty Chemicals 
RYAN,Ryan Specialty,Financials,
R,Ryder,Industrials,Cargo Ground Transportation 
SPGI,S&P Global,Financials,Financial Exchanges & Data 
SAIA,Saia,Industrials,
SAIC,SAIC,Industrials,Diversified Support Services 
CRM,Salesforce,Information Technology,Application Software 
SLM,Sallie Mae,Financials,Consumer Finance 
SRPT,Sarepta Therapeutics,Health Care,
SBAC,SBA Communications,Real Estate,Telecom Tower REITs 
HSIC,Henry Schein,Health Care,Health Care Distributors 
SLB,Schlumberger,Energy,Oil & Gas Equipment & Services 
SNDR,Schneider National,Industrials,
SMG,Scotts Miracle-Gro Company,Materials,Fertilizers & Agricultural Chemicals 
SEB,Seaboard Corporation,Consumer Staples,
SEE,Sealed Air,Materials,Paper & Plastic Packaging Products & Materials 
SEG,Seaport Entertainment Group,Real Estate,
SEIC,SEI Investments Company,Financials,Asset Management & Custody Banks 
SRE,Sempra,Utilities,Multi-Utilities 
ST,Sensata Technologies,Industrials,
S,SentinelOne,Information Technology,
SCI,Service Corporation International,Consumer Discretionary,Specialized Consumer Services 
NOW,ServiceNow,Information Technology,Systems Software 
SN,SharkNinja,Consumer Discretionary,Household Appliances 
SHW,Sherwin-Williams,Materials,Specialty Chemicals 
FOUR,Shift4,Information Technology,
SLGN,Silgan Holdings,Materials,"Metal, Glass & Plastic Containers "
SPG,Simon Property Group,Real Estate,Retail REITs 
SSD,Simpson Manufacturing Company,Industrials,Building Products 
SIRI,Sirius XM,Communication Services,Broadcasting 
SITE,SiteOne Landscape Supply,Industrials,
SKX,Skechers,Consumer Discretionary,Footwear 
SWKS,Skyworks Solutions,Information Technology,Semiconductors 
SMAR,Smartsheet Inc.,Information Technology,
SJM,J.M. Smucker Company (The),Consumer Staples,Packaged Foods & Meats 
SW,Smurfit Westrock,Materials,Paper & Plastic Packaging Products & Materials 
SNA,Snap-on,Industrials,Industrial Machinery & Supplies & Components 
SNOW,Snowflake Inc.,Information Technology,
SOFI,SoFi,Financials,
SOLV,Solventum,Health Care,Health Care Equipment 
SON,Sonoco,Materials,Paper & Plastic Packaging Products & Materials 
SHC,Sotera Health,Health Care,
SO,Southern Company,Utilities,Electric Utilities 
SCCO,Southern Copper,Materials,
LUV,Southwest Airlines,Industrials,Passenger Airlines 
SPB,Spectrum Brands,Consumer Staples,
SPR,Spirit Aerosystems,Industrials,
SPOT,Spotify,Communication Services,Movies & Entertainment 
SSNC,SS&C Technologies,Information Technology,
STAG,STAG Industrial,Real Estate,
SWK,Stanley Black & Decker,Industrials,Industrial Machinery & Supplies & Components 
SBUX,Starbucks,Consumer Discretionary,Restaurants 
STWD,Starwood Property Trust,Financials,
STT,State Street Corporation,Financials,Asset Management & Custody Banks 
STLD,Steel Dynamics,Materials,Steel 
SRCL,Stericycle,Industrials,Environmental & Facilities Services 
STE,Steris,Health Care,Health Care Equipment 
SF,Stifel,Financials,Investment Banking & Brokerage 
SYK,Stryker Corporation,Health Care,Health Care Equipment 
SUI,Sun Communities,Real Estate,
SMCI,Supermicro,Information Technology,"Technology Hardware, Storage & Peripherals "
SYF,Synchrony Financial,Financials,Consumer Finance 
SNPS,Synopsys,Information Technology,Application Software 
SNV,Synovus,Financials,Regional Banks 
SYY,Sysco,Consumer Staples,Food Distributors 
TMUS,T-Mobile US,Communication Services,Wireless Telecommunication Services 
TTWO,Take-Two Interactive,Communication Services,Interactive Home Entertainment 
TPR,"Tapestry, Inc.",Consumer Discretionary,"Apparel, Accessories & Luxury Goods "
TRGP,Targa Resources,Energy,Oil & Gas Storage & Transportation 
TGT,Target Corporation,Consumer Staples,Consumer Staples Merchandise Retail 
SNX,TD Synnex,Information Technology,Technology Distributors 
FTI,TechnipFMC,Energy,Oil & Gas Equipment & Services 
TDY,Teledyne Technologies,Industrials,Aerospace & Defense 
TFX,Teleflex,Health Care,Health Care Equipment 
TPX,Tempur Sealy International,Consumer Discretionary,Home Furnishings 
THC,Tenet Healthcare,Health Care,Health Care Facilities 
TDC,Teradata,Information Technology,IT Consulting & Other Services 
TER,Teradyne,Information Technology,Semiconductor Materials & Equipment 
TSLA,"Tesla, Inc.",Consumer Discretionary,Automobile Manufacturers 
TTEK,Tetra Tech,Industrials,Environmental & Facilities Services 
TXN,Texas Instruments,Information Technology,Semiconductors 
TPL,Texas Pacific Land Corporation,Energy,
TXRH,Texas Roadhouse,Consumer Discretionary,
TXT,Textron,Industrials,Aerospace & Defense 
TMO,Thermo Fisher Scientific,Health Care,Life Sciences Tools & Services 
TFSL,Third Federal S&L,Financials,
THO,Thor Industries,Consumer Discretionary,Leisure Products 
TKR,Timken Company,Industrials,Industrial Machinery & Supplies & Components 
TJX,TJX Companies,Consumer Discretionary,Apparel Retail 
TKO,TKO Group Holdings,Communication Services,Movies & Entertainment 
TOST,"Toast, Inc.",Information Technology,Transaction & Payment Processing Services 
TOL,Toll Brothers,Consumer Discretionary,Homebuilding 
BLD,TopBuild,Consumer Discretionary,
TTC,Toro Company (The),Industrials,Agricultural & Farm Machinery 
TPG,TPG Inc.,Financials,
TSCO,Tractor Supply Company,Consumer Discretionary,Other Specialty Retail 
TTD,Trade Desk (The),Information Technology,
TW,Tradeweb,Financials,
TT,Trane Technologies,Industrials,Building Products 
TDG,TransDigm Group,Industrials,Aerospace & Defense 
TRU,TransUnion,Industrials,
TNL,Travel + Leisure Co.,Consumer Discretionary,"Hotels, Resorts & Cruise Lines "
TRV,Travelers Companies (The),Financials,Property & Casualty Insurance 
TREX,"Trex Company, Inc.",Industrials,Building Products 
TRMB,Trimble Inc.,Information Technology,Electronic Equipment & Instruments 
TRIP,Tripadvisor,Communication Services,Interactive Media & Services 
TFC,Truist Financial,Financials,Regional Banks 
DJT,Trump Media & Technology Group,Communication Services,Interactive Media & Services 
TWLO,Twilio,Information Technology,
TYL,Tyler Technologies,Information Technology,Application Software 
TSN,Tyson Foods,Consumer Staples,Packaged Foods & Meats 
UHAL,U-Haul,Industrials,
UHAL.B,U-Haul (Series N),Industrials,
USB,U.S. Bank,Financials,Diversified Banks 
X,U.S. Steel,Materials,Steel 
UBER,Uber,Industrials,Passenger Ground Transportation 
UI,Ubiquiti,Information Technology,
UDR,"UDR, Inc.",Real Estate,Residential REITs 
UGI,UGI Corporation,Utilities,Gas Utilities 
PATH,UiPath,Information Technology,
ULTA,Ulta Beauty,Consumer Discretionary,Other Specialty Retail 
RARE,Ultragenyx,Health Care,
UAA,Under Armour (Class A),Consumer Discretionary,"Apparel, Accessories & Luxury Goods "
UA,Under Armour (Class C),Consumer Discretionary,"Apparel, Accessories & Luxury Goods "
UNP,Union Pacific Corporation,Industrials,Rail Transportation 
UAL,United Airlines Holdings,Industrials,Passenger Airlines 
UPS,United Parcel Service,Industrials,Air Freight & Logistics 
URI,United Rentals,Industrials,Trading Companies & Distributors 
UTHR,United Therapeutics,Health Care,Biotechnology 
UWMC,United Wholesale Mortgage,Financials,
UNH,UnitedHealth Group,Health Care,Managed Health Care 
U,Unity Technologies,Information Technology,
OLED,Universal Display Corporation,Information Technology,Semiconductors 
UHS,Universal Health Services,Health Care,Health Care Facilities 
UNM,Unum,Financials,Life & Health Insurance 
USFD,US Foods,Consumer Staples,
MTN,Vail Resorts,Consumer Discretionary,
VLO,Valero Energy,Energy,Oil & Gas Refining & Marketing 
VMI,Valmont Industries,Industrials,Industrial Machinery & Supplies & Components 
VVV,Valvoline,Materials,Commodity Chemicals 
VEEV,Veeva Systems,Health Care,
VTR,Ventas,Real Estate,Health Care REITs 
VLTO,Veralto,Industrials,
VRSN,Verisign,Information Technology,Internet Services & Infrastructure 
VRSK,Verisk Analytics,Industrials,Research & Consulting Services 
VZ,Verizon,Communication Services,Integrated Telecommunication Services 
VRTX,Vertex Pharmaceuticals,Health Care,Biotechnology 
VRT,Vertiv,Industrials,
VSTS,Vestis,Consumer Discretionary,
VFC,VF Corporation,Consumer Discretionary,"Apparel, Accessories & Luxury Goods "
VTRS,Viatris,Health Care,Pharmaceuticals 
VICI,Vici Properties,Real Estate,Hotel & Resort REITs 
VKTX,Viking Therapeutics,Health Care,Biotechnology 
VNOM,Viper Energy,Energy,Oil & Gas Storage & Transportation 
VIRT,Virtu Financial,Financials,
V,Visa Inc.,Financials,Transaction & Payment Processing Services 
VST,Vistra Corp.,Utilities,
VNT,Vontier,Information Technology,Electronic Equipment & Instruments 
VNO,Vornado Realty Trust,Real Estate,Office REITs 
VOYA,Voya Financial,Financials,Multi-Sector Holdings 
VMC,Vulcan Materials,Materials,Construction Materials 
WPC,W. P. Carey,Real Estate,
WRB,W. R. Berkley Corporation,Financials,Property & Casualty Insurance 
GWW,W. W. Grainger,Industrials,Industrial Machinery & Supplies & Components 
WAB,Wabtec,Industrials,Construction Machinery & Heavy Transportation Equipment 
WBA,Walgreens Boots Alliance,Consumer Staples,Drug Retail 
WMT,Walmart,Consumer Staples,Consumer Staples Merchandise Retail 
DIS,Walt Disney Company (The),Communication Services,Movies & Entertainment 
WBD,Warner Bros. Discovery,Communication Services,Broadcasting 
WM,Waste Management,Industrials,Environmental & Facilities Services 
WAT,Waters Corporation,Health Care,Health Care Distributors 
WSO,Watsco,Industrials,Trading Companies & Distributors 
W,Wayfair,Consumer Discretionary,
WFRD,Weatherford International,Energy,Oil & Gas Equipment & Services 
WBS,Webster Bank,Financials,Regional Banks 
WEC,WEC Energy Group,Utilities,Electric Utilities 
WFC,Wells Fargo,Financials,Diversified Banks 
WELL,Welltower,Real Estate,Health Care REITs 
WEN,Wendy's Company (The),Consumer Discretionary,Restaurants 
WCC,Wesco,Industrials,
WST,West Pharmaceutical Services,Health Care,Health Care Supplies 
WAL,Western Alliance Bancorp,Financials,
WDC,Western Digital,Information Technology,"Technology Hardware, Storage & Peripherals "
WU,Western Union,Information Technology,Data Processing & Outsourced Services 
WLK,Westlake Corporation,Materials,
WEX,WEX Inc.,Financials,Transaction & Payment Processing Services 
WY,Weyerhaeuser,Real Estate,Timber REITs 
WHR,Whirlpool Corporation,Consumer Discretionary,Household Appliances 
WTM,White Mountains Insurance Group,Financials,
WMB,Williams Companies,Energy,Oil & Gas Storage & Transportation 
WSM,"Williams-Sonoma, Inc.",Consumer Discretionary,Homefurnishing Retail 
WTW,Willis Towers Watson,Financials,Insurance Brokers 
WSC,WillScot Mobile Mini,Industrials,
WING,Wingstop,Consumer Discretionary,
WTFC,Wintrust Financial,Financials,Regional Banks 
WOLF,Wolfspeed,Information Technology,Semiconductors 
WWD,"Woodward, Inc.",Industrials,Electrical Components & Equipment 
WDAY,"Workday, Inc.",Information Technology,Application Software 
WH,Wyndham Hotels & Resorts,Consumer Discretionary,"Hotels, Resorts & Cruise Lines "
WYNN,Wynn Resorts,Consumer Discretionary,Casinos & Gaming 
XEL,Xcel Energy,Utilities,Multi-Utilities 
XP,XP Inc.,Financials,Investment Banking & Brokerage 
XPO,XPO Logistics,Industrials,Cargo Ground Transportation 
XYL,Xylem Inc.,Industrials,Industrial Machinery & Supplies & Components 
YETI,Yeti Holdings,Consumer Discretionary,Leisure Products 
YUM,Yum! Brands,Consumer Discretionary,Restaurants 
ZBRA,Zebra Technologies,Information Technology,Electronic Equipment & Instruments 
ZG,Zillow (Class A),Real Estate,
Z,Zillow (Class C),Real Estate,
ZBH,Zimmer Biomet,Health Care,Health Care Equipment 
ZION,Zions Bancorporation,Financials,Regional Banks 
ZTS,Zoetis,Health Care,Pharmaceuticals 
ZM,Zoom Video Communications,Information Technology,Application Software 
ZI,ZoomInfo,Communication Services,
ZS,Zscaler,Information Technology,Application Software 
